{
  "ammo": "tacz:308",
  "can_crawl": false,
  "bolt": "open_bolt",
  "rpm": 1200,
  "bullet": {
    "life": 0.8,
    "bullet_amount": 1,
    "damage": 8,
    "tracer_count_interval": 0,
    "extra_damage": {
      "armor_ignore": 0.5,
      "head_shot_multiplier": 1.5,
      "damage_adjust": [
        {"distance": 50, "damage": 8},
        {"distance": 95, "damage": 7},
        {"distance": "infinite", "damage": 6}
      ]
    },
    "speed": 300,
    "gravity": 0.15,
    "knockback": 0.1,
    "friction": 0.025,
    "pierce": 2
  },
  "heat":  {
    // 过热上限
    "max": 360,
    // 每发子弹过热值
    "per_shot": 2,
    // 冷却倍率，过热值的减少速度会随着时间增加
    // t时间(秒)内可以冷却的过热值可以参考: max = cooling_multiplier * t^2
    "cooling_multiplier": 5,
    // 冷却延迟，ms
    "cooling_delay": 500,
    // 完全过热后，开始过热的延迟时间，ms
    "over_heat_time": 3000,
    // 以下将在使用过热进度(0-1)在最小值和最大值之间线性插值，然后与原始数值相乘
    // 最小不准确度影响
    "min_inaccuracy": 1,
    // 最大不准确度影响
    "max_inaccuracy": 1.2,
    // 最小射速影响
    "min_rpm_mod": 1,
    // 最大射速影响
    "max_rpm_mod": 1.2
  },
  "reload": {
    "type": "inventory",
    "feed": {
      "empty": 2.25,
      "tactical": 1.55
    },
    "cooldown": {
      "empty": 2.6,
      "tactical": 2.0
    }
  },
  "draw_time": 1.4,
  "put_away_time": 0.85,
  "aim_time": 0.25,
  "sprint_time": 0.44,
  "weight": 15.5,
  "movement_speed": {
    "base": 0.0,
    "aim": -0.5,
    "reload": -0.2
  },
  "fire_mode": [
    "auto",
    "burst"
  ],
  "burst_data": {
    "continuous_shoot": true,
    "count": 6,
    "bpm": 1200,
    "min_interval": 0.5
  },
  "crawl_recoil_multiplier": 0.5,
  "recoil": {
    "pitch": [
      {"time": 0, "value": [0.6, 0.6]},
      {"time": 0.25, "value": [0.6, 0.6]},
      {"time": 0.45, "value": [-0.15, -0.15]},
      {"time": 0.6, "value": [0, 0]}
    ],
    "yaw": [
      {"time": 0, "value": [-0.3, 0.2]},
      {"time": 0.2, "value": [-0.3, 0.2]},
      {"time": 0.4, "value": [0, 0]}
    ]
  },
  "hurt_bob_tweak_multiplier": 0.05,
  "inaccuracy": {
    "stand": 2.25,
    "move": 3,
    "sneak": 2.25,
    "lie": 2.25,
    "aim": 0.9
  },
  "melee": {
    "distance": 1,
    "cooldown": 1,
    "default": {
      "animation_type": "melee_push",
      "distance": 2,
      "range_angle": 60,
      "cooldown": 0,
      "damage": 10,
      "knockback": 1.5,
      "prep": 0.1
    }
  }
}
