{
  "ammo": "tacz:762x39",
  "ammo_amount": 10,
  "extended_mag_ammo_amount": [
    15,
    20,
    25
  ],
  "bolt": "closed_bolt",
  "rpm": 510,
  "script": "tacz:xmag_reload_logic",
  "script_param": {
    "reload_feed": 1.6,
    "reload_cooldown": 2.19,
    "empty_feed": 2.17,
    "empty_cooldown": 2.84,
    "reload_xmag_1_feed": 1.8,
    "reload_xmag_1_cooldown": 2.4,
    "empty_xmag_1_feed": 2.47,
    "empty_xmag_1_cooldown": 2.97,
    "reload_xmag_2_feed": 1.93,
    "reload_xmag_2_cooldown": 2.6,
    "empty_xmag_2_feed": 2.53,
    "empty_xmag_2_cooldown": 3.13,
    "reload_xmag_3_feed": 2.43,
    "reload_xmag_3_cooldown": 3,
    "empty_xmag_3_feed": 2.7,
    "empty_xmag_3_cooldown": 3.30
  },
  "bullet": {
    "life": 0.8,
    "bullet_amount": 1,
    "damage": 11,
    "tracer_count_interval": 0,
    "extra_damage": {
      "armor_ignore": 0.25,
      "head_shot_multiplier": 2,
      "damage_adjust": [
        {"distance": 55, "damage": 11},
        {"distance": 110, "damage": 9},
        {"distance": "infinite", "damage": 7}
      ]
    },
    "speed": 300,
    "gravity": 0.15,
    "knockback": 0,
    "friction": 0.0125,
    "ignite": false,
    "pierce": 1
  },
  "reload": {
    "type": "magazine",
    "feed": {
      "empty": 2.17,
      "tactical": 1.6
    },
    "cooldown": {
      "empty": 2.84,
      "tactical": 2.19
    }
  },
  "draw_time": 0.48,
  "put_away_time": 0.47,
  "aim_time": 0.2,
  "sprint_time": 0.22,
  "weight": 3.85,
  "movement_speed": {
    "base": 0.0,
    "aim": -0.2,
    "reload": -0.1
  },
  "crawl_recoil_multiplier": 0.5,
  "fire_mode": [
    "semi"
  ],
  "recoil": {
    "pitch": [
      {"time": 0, "value": [1.25, 1.25]},
      {"time": 0.25, "value": [1.25, 1.25]},
      {"time": 0.5, "value": [-0.225, -0.225]},
      {"time": 0.6, "value": [0, 0]},
      {"time": 0.8, "value": [0, 0]}
    ],
    "yaw": [
      {"time": 0, "value": [-0.5, -0.5]},
      {"time": 0.06, "value": [0.5, 0.5]},
      {"time": 0.13, "value": [-0.25, -0.25]},
      {"time": 0.21, "value": [0.1, 0.1]},
      {"time": 0.33, "value": [0, 0]},
      {"time": 0.7, "value": [0, 0]}
    ]
  },
  "inaccuracy": {
    "stand": 7,
    "move": 8.5,
    "sneak": 6.5,
    "lie": 6,
    "aim": 0.075
  },
  // 近战相关
  "melee": {
    // 枪械距离参数，用来延升近战攻击范围
    // 会与刺刀等配件的距离做加和
    "distance": 1,
    // 使用时的冷却时间
    "cooldown": 0.7,
    // 默认近战数据，会被配件的数据替换掉
    "default": {
      // 动画类型：没有枪托的为 melee_push，有枪托的为 melee_stock
      "animation_type": "melee_stock",
      // 刺刀距离参数，枪械里还有个刺刀攻击距离参数，两者做加和
      "distance": 1,
      // 刺刀范围角度
      "range_angle": 30,
      // 伤害值
      "damage": 2,
      // 击退效果
      "knockback": 0.6,
      // 前摇时长，单位：秒
      "prep": 0.1
    }
  },
  "allow_attachment_types": [
    "scope",
    "stock",
    "grip",
    "muzzle",
    "extended_mag"
  ],
  "exclusive_attachments": {
  }
}