{
  "ammo": "tacz:556x45",
  "ammo_amount": 15,
  "extended_mag_ammo_amount": [
    20,
    25,
    30
  ],
  "bolt": "closed_bolt",
  "rpm": 700,
  "script": "tacz:xmag_reload_logic",
  "script_param": {
    "reload_feed": 1.17,
    "reload_cooldown": 1.71,
    "empty_feed": 2,
    "empty_cooldown": 2.46,
    "reload_xmag_1_feed": 1.33,
    "reload_xmag_1_cooldown": 2,
    "empty_xmag_1_feed": 2.13,
    "empty_xmag_1_cooldown": 2.58,
    "reload_xmag_2_feed": 1.58,
    "reload_xmag_2_cooldown": 2.29,
    "empty_xmag_2_feed": 2.17,
    "empty_xmag_2_cooldown": 2.63,
    "reload_xmag_3_feed": 2,
    "reload_xmag_3_cooldown": 2.75,
    "empty_xmag_3_feed": 2.3,
    "empty_xmag_3_cooldown": 3.31
  },
  "bullet": {
    "life": 0.8,
    "bullet_amount": 1,
    "damage": 10,
    "tracer_count_interval": 0,
    "extra_damage": {
      "armor_ignore": 0.30,
      "head_shot_multiplier": 1.75,
      "damage_adjust": [
        {"distance": 40, "damage": 10},
        {"distance": 72, "damage": 8},
        {"distance": "infinite", "damage": 7}
      ]
    },
    "speed": 450,
    "gravity": 0.15,
    "knockback": 0,
    "friction": 0.015,
    "ignite": false,
    "pierce": 1
  },
  "reload": {
    "type": "magazine",
    "feed": {
      "empty": 2,
      "tactical": 1.17
    },
    "cooldown": {
      "empty": 2.46,
      "tactical": 1.71
    }
  },
  "draw_time": 0.43,
  "put_away_time": 0.42,
  "aim_time": 0.13,
  "sprint_time": 0.16,
  "weight": 3.2,
  "movement_speed": {
    "base": 0.0,
    "aim": -0.5,
    "reload": -0.1
  },
  "crawl_recoil_multiplier": 0.55,
  "fire_mode": [
    "semi",
    "burst"
  ],
  "burst_data": {
    "bpm":750,
    "continuous_shoot": true,
    "count": 2,
    "min_interval": 0.5
  },
  "fire_mode_adjust": {
    "semi": {
      // 加算
      "damage": 1,
      "rpm": -400,
      "head_shot_multiplier": 0.25,
      "aim_inaccuracy": -0.05,
      "other_inaccuracy": -0.5
    }
  },
  "recoil": {
    "pitch": [
      {"time": 0, "value": [0.65, 0.65]},
      {"time": 0.05, "value": [0.7, 0.7]},
      {"time": 0.12, "value": [0.65, 0.65]},
      {"time": 0.65, "value": [-0.125, -0.125]},
      {"time": 0.8, "value": [0, 0]}
    ],
    "yaw": [
      {"time": 0, "value": [-0.35, -0.1]},
      {"time": 0.15, "value": [-0.2, -0.1]},
      {"time": 0.45, "value": [0, 0]},
      {"time": 0.7, "value": [0, 0]}
    ]
  },
  "inaccuracy": {
    "stand": 3.875,
    "move": 4.5,
    "sneak": 2.5,
    "lie": 1.5,
    "aim": 0.08
  },
  // 近战相关
  "melee": {
    // 枪械距离参数，用来延升近战攻击范围
    // 会与刺刀等配件的距离做加和
    "distance": 1,
    // 使用时的冷却时间
    "cooldown": 0.6,
    // 默认近战数据，会被配件的数据替换掉
    "default": {
      // 动画类型：没有枪托的为 melee_push，有枪托的为 melee_stock
      "animation_type": "melee_stock",
      // 刺刀距离参数，枪械里还有个刺刀攻击距离参数，两者做加和
      "distance": 1,
      // 刺刀范围角度
      "range_angle": 30,
      // 伤害值
      "damage": 1,
      // 击退效果
      "knockback": 0.5,
      // 前摇时长，单位：秒
      "prep": 0.1
    }
  },
  "allow_attachment_types": [
    "muzzle",
    "extended_mag",
    "scope",
    "grip",
    "stock"
  ],
  "exclusive_attachments": {
  }
}