{
  // 配方过滤器，具体内容位于 data/<命名空间>/recipe_filters 下
  // 如果没有指定，将使用默认过滤器 tacz:default
  "filter": "tacz:default",
  "tabs": [
    {
      "id": "tacz:scope",
      "name": "tacz.type.scope.name",
      "icon": {
        "item": "tacz:attachment",
        "nbt": {
          "AttachmentId": "tacz:scope_acog_ta31"
        }
      }
    },
    {
      "id": "tacz:muzzle",
      "name": "tacz.type.muzzle.name",
      "icon": {
        "item": "tacz:attachment",
        "nbt": {
          "AttachmentId": "tacz:muzzle_compensator_trident"
        }
      }
    },
    {
      "id": "tacz:stock",
      "name": "tacz.type.stock.name",
      "icon": {
        "item": "tacz:attachment",
        "nbt": {
          "AttachmentId": "tacz:stock_militech_b5"
        }
      }
    },
    {
      "id": "tacz:grip",
      "name": "tacz.type.grip.name",
      "icon": {
        "item": "tacz:attachment",
        "nbt": {
          "AttachmentId": "tacz:grip_magpul_afg_2"
        }
      }
    },
    {
      "id": "tacz:extended_mag",
      "name": "tacz.type.extended_mag.name",
      "icon": {
        "item": "tacz:attachment",
        "nbt": {
          "AttachmentId": "tacz:extended_mag_3"
        }
      }
    },
    {
      "id": "tacz:laser",
      "name": "tacz.type.laser.name",
      "icon": {
        "item": "tacz:attachment",
        "nbt": {
          "AttachmentId": "tacz:laser_compact"
        }
      }
    }
  ]
}