{
  "materials": [
    {
      "item": {
        "tag": "forge:gems/diamond"
      },
      "count": 10
    },
    {
      "item": {
        "tag": "forge:ingots/gold"
      },
      "count": 50
    },
    {
      "item": {
        "tag": "forge:ingots/iron"
      },
      "count": 200
    },
    {
      "item": {
        "tag": "forge:rods/blaze"
      },
      "count": 5
    }
  ],
  "result": {
    "type": "gun",
    "id": "tacz:ai_awp",
    "attachments": {
      "scope": "tacz:scope_contender"
    }
  },
  "type": "tacz:gun_smith_table_crafting"
}