{
  "materials": [
    {
      "item": {
        "tag": "forge:gems/diamond"
      },
      "count": 15
    },
    {
      "item": {
        "tag": "forge:ingots/gold"
      },
      "count": 60
    },
    {
      "item": {
        "tag": "forge:ingots/netherite"
      },
      "count": 3
    },
    {
      "item": {
        "tag": "forge:ingots/iron"
      },
      "count": 300
    },
    {
      "item": {
        "tag": "forge:rods/blaze"
      },
      "count": 5
    }
  ],
  "result": {
    "type": "gun",
    "id": "tacz:m95",
    "attachments": {
      "scope": "tacz:scope_contender"
    }
  },
  "type": "tacz:gun_smith_table_crafting"
}