{
  // 是否将配件从创造模式物品栏和jei中隐藏，用于默认瞄具等场合
  "hidden": false,
  // 配件的的显示名称和工具提示，支持本地化
  "name": "tacz.attachment.sight_552.name",
  // 配件的客户端数据
  "display": "tacz:sight_552_display",
  // 配件的属性
  "data": "tacz:sight_552_data",
  // 配件的类型。scope、grip、muzzle、stock、laser、extended_mag
  // 枪械配件槽位能从中选择可以安装的类型
  "type": "scope",
  "sort": 10
}